product,organic,avg_combined_mrl_ratio,median_combined_mrl_ratio,p90_combined_mrl_ratio,p95_combined_mrl_ratio,avg_substances_found,median_substances_found,p90_substances_found,p95_substances_found,samples
Allspice fruit,0,0.0,0.0,0.0,0.0,0.0,0.0,0.0,0.0,15
Almonds,0,0.11051020408163266,0.0,0.14400000000000007,0.17599999999999993,0.20408163265306123,0.0,1.0,1.0,49
Almonds sweet,0,0.06708333333333333,0.0,0.21264000000000044,0.36516666666666664,0.21875,0.0,1.0,1.0,32
American plums,0,0.0,0.0,0.0,0.0,0.0,0.0,0.0,0.0,18
Apples,0,9.807446347131016,0.07346666666666667,0.53915,6.693812499999405,15.674825174825175,2.0,6.0,10.0,2002
Apples,1,9.84051338910339,0.0,0.34169999999999995,1.5242857142857078,13.886486486486486,0.0,3.0,7.399999999999949,185
Apples and similar-,0,0.11580005291005291,0.05477777777777777,0.3271777777777778,0.4399166666666666,1.7083333333333333,1.0,4.0,5.0,120
Apples and similar-,1,0.020555555555555556,0.0,0.0450000000000001,0.1604999999999999,0.1111111111111111,0.0,0.3000000000000007,1.0,18
Apricots,0,9.740465963420595,0.1038,0.9623916666666671,2.5159283333333313,15.223938223938225,2.0,6.0,8.149999999999977,518
Apricots,1,0.032438596491228065,0.0,0.06033333333333316,0.2534666666666664,0.47368421052631576,0.0,1.3999999999999986,3.1999999999999957,19
Apricots and similar-,0,0.16472589807852964,0.06666666666666667,0.25919999999999993,0.47639999999999977,1.3333333333333333,1.0,3.0,3.1999999999999957,57
Aromatic herbs,0,0.2709411764705882,0.0,0.00022,0.9212942857142824,0.29411764705882354,0.0,1.0,1.3999999999999986,17
Asparagus,0,3.705845219123506,0.0,0.0774000000000002,0.4115999999999999,3.635458167330677,0.0,1.0,1.0,502
Asparagus,1,0.0,0.0,0.0,0.0,0.0,0.0,0.0,0.0,11
Asparagus and similar-,0,0.0,0.0,0.0,0.0,0.0,0.0,0.0,0.0,15
Aubergines,0,3.1003309736513254,0.0,0.4056,0.7987999999999987,5.051926298157454,0.0,3.0,4.0,597
Aubergines,1,0.007857142857142856,0.0,0.015,0.06,0.14285714285714285,0.0,1.0,1.0,21
Aubergines and similar-,0,0.05330555555555555,0.0,0.19400000000000014,0.2863999999999998,0.5111111111111111,0.0,1.0,1.7999999999999972,45
Avocados,0,4.436152707749766,0.0,0.21907142857142858,0.8043750000000001,0.6928104575163399,0.0,2.0,3.0,306
Avocados,1,0.04285076530612245,0.0,0.16226000000000002,0.27956249999999977,0.25,0.0,1.0,1.6499999999999986,28
Avocados and similar-,0,0.02846904761904762,0.0,0.09767142857142858,0.158,0.6153846153846154,0.0,2.0,2.0,26
Baby leaf spinaches,0,4.770272915244084,0.026,0.3586666666666667,0.6938866666666654,7.867924528301887,2.0,4.0,5.0,53
Bacon,0,0.0,0.0,0.0,0.0,0.0,0.0,0.0,0.0,11
Bananas and similar-,0,0.3271859359938307,0.18016666666666667,0.6784476190476192,0.9682666666666662,3.1012145748987856,3.0,5.0,6.0,247
Bananas and similar-,1,0.0216609375,0.0,0.02478333333333334,0.14497380952380903,0.3125,0.0,1.0,2.0,64
"Barley grain, pearled",0,0.001139206349206349,0.0,0.00377142857142857,0.005733333333333331,0.4,0.0,1.0,1.299999999999999,15
Barley grains,0,2.9365660179434094,0.0,0.21888000000000038,0.40779999999999983,4.599033816425121,0.0,2.0,3.6999999999999886,207
Barley grains,1,16.166354497354497,0.0,0.0,140.92955277777764,21.925925925925927,0.0,0.0,188.9999999999998,27
Basil,0,38.31499089561985,0.4884833333333333,164.88701706349207,165.45659373015872,50.87341772151899,5.0,284.60000000000014,323.0,79
Basil,1,0.03163015873015873,0.0,0.011771428571428568,0.14564999999999953,0.4,0.0,1.0,1.8999999999999968,15
"Basil, dry",0,2.3207870807453417,1.5078333333333334,5.194400000000001,5.822623999999999,3.0,2.0,6.600000000000001,7.899999999999999,23
Beans (dry) and similar-,0,5.270371593316074,0.0,1.833999999999998,6.004833333333328,6.943986820428336,0.0,2.0,4.0,607
Beans (dry) and similar-,1,0.49322499999999997,0.0,0.8530000000000002,2.1949999999999945,0.675,0.0,2.0,2.049999999999997,40
Beans (fresh seeds without pods) and similar-,0,0.36653846153846154,0.0,0.08300000000000002,1.8939999999999937,0.5384615384615384,0.0,1.0,1.7999999999999972,13
Beans (with pods) and similar-,0,1.6987374771737604,0.0,0.24666666666666665,0.6594666666666641,2.640117994100295,0.0,3.0,4.0,339
Beef kidney,0,0.030138169257340242,0.0,0.13333333333333333,0.14133333333333326,0.23316062176165803,0.0,1.0,1.0,193
Beef liver,0,6.537353994970948,0.0,0.3696500000000025,7.582333333333313,5.803960396039604,0.0,1.0,6.0,505
Beef liver,1,0.5807825757575757,0.0,1.32,3.1943041666666665,0.2727272727272727,0.0,1.0,1.5,11
Beetroot leaves,0,1.6586245767195766,0.0005,1.0291200000000011,9.102514999999991,0.9523809523809523,1.0,3.0,3.0,63
Beetroots,0,6.593768561710398,0.0,0.33066666666666683,1.2349999999999965,8.341107871720117,0.0,1.0,2.0,343
Beetroots,1,0.028825,0.0,0.13324000000000003,0.16613999999999993,0.21875,0.0,1.0,1.0,64
"Biscuits, rusks and cookies for children",0,25.59671052631579,0.0,42.0000000000006,277.55833333333334,22.210526315789473,0.0,0.30000000000000426,281.0,38
Black eyed peas (dry),0,2.3793083333333334,2.2623333333333333,4.846166666666667,5.419983333333334,2.625,3.0,5.0,6.25,16
Black pepper,0,4.765355177626607,0.0155,1.29,2.6300000000000003,14.0,1.0,4.0,4.0,21
Blackberries,0,0.14837784194528875,0.04418333333333334,0.3165500000000001,0.585783333333332,2.276595744680851,1.5,5.0,6.349999999999994,94
Blackcurrants,0,0.5519648907103825,0.043,0.95795,4.392666666666667,2.360655737704918,2.0,5.0,7.0,61
Blueberries,0,9.761706626163948,0.012766666666666666,0.2267833333333336,5.38321999999992,14.394618834080717,2.0,5.0,8.799999999999955,223
Blueberries,1,153.25583204837488,211.52103968253968,213.27103968253968,214.75492857142856,196.52380952380952,271.0,273.0,273.0,21
Blueberries and similar-,0,0.03397738095238095,0.024216666666666668,0.07722500000000002,0.10099999999999998,1.1428571428571428,1.0,2.700000000000001,3.0,14
Boiled eggs,0,0.0,0.0,0.0,0.0,0.0,0.0,0.0,0.0,29
Borlotti or other common beans (dry),0,0.22593518518518518,0.0,0.15100000000000016,0.35974999999999985,0.23232323232323232,0.0,1.0,1.0,99
Bovine fat tissue,0,0.0002484472049689441,0.0,0.0,0.0,0.0033444816053511705,0.0,0.0,0.0,299
Bovine fresh meat,0,0.01,0.0,0.0,0.0,0.0011111111111111111,0.0,0.0,0.0,900
Bovine fresh meat,1,0.0,0.0,0.0,0.0,0.0,0.0,0.0,0.0,16
Bovine liver,0,0.12398165109034269,0.0,0.0,0.0,0.03925233644859813,0.0,0.0,0.0,535
Bovine liver,1,0.15163529509803925,0.0,0.0,0.5155600033333316,0.11764705882352941,0.0,0.0,0.3999999999999986,17
"Bovine, minced meat",0,0.13845652173913042,0.0,0.003600000000000003,0.3424499999999995,0.13043478260869565,0.0,0.8000000000000007,1.0,23
Brazil nuts,0,0.14746666666666666,0.0,0.5723999999999996,1.0451999999999997,0.13333333333333333,0.0,0.5999999999999996,1.0,15
Broad beans (dry),0,0.1275175438596491,0.0,0.25579999999999997,0.4124999999999975,0.5263157894736842,0.0,2.0,2.099999999999998,19
Broad beans (without pods),0,0.7418205128205129,0.06,2.4946666666666673,5.059666666666667,0.7948717948717948,1.0,2.0,2.1000000000000014,39
Broccoli,0,3.6513765368113282,0.005166666666666667,0.2556400000000002,0.6399999999999996,5.185082872928176,1.0,3.0,4.0,362
Broccoli,1,0.0371875,0.0,0.05175000000000012,0.065875,0.125,0.0,0.9000000000000021,1.0,32
Broccoli and similar-,0,0.06442278911564626,0.0026666666666666666,0.17676666666666668,0.2657499999999998,1.0,0.5,3.0,3.0,28
Brown cane sugar,0,0.0,0.0,0.0,0.0,0.0,0.0,0.0,0.0,19
Brussels sprouts,0,0.43106375278893355,0.1383047619047619,0.7580000000000002,1.0714314285714286,2.393574297188755,2.0,5.0,6.0,249
Buckwheat,0,0.15352873563218392,0.0,0.0,0.3899000000000016,0.06896551724137931,0.0,0.0,0.7000000000000028,87
Buckwheat,1,0.10757894736842105,0.0,0.6672,0.6787,0.15789473684210525,0.0,1.0,1.0,19
Buckwheat flour,0,0.07144,0.0,0.03480000000000008,0.3539999999999989,0.12,0.0,0.6000000000000014,1.0,25
Buckwheat flour,1,0.15136363636363637,0.0,0.544,0.5815,0.2727272727272727,0.0,1.0,1.0,11
Buckwheat groats,0,0.19886153846153845,0.0,0.2416000000000002,1.2399999999999998,0.13846153846153847,0.0,1.0,1.0,65
Bulgur,0,0.2639963203463203,0.0,0.32735000000000075,0.7939833333333332,0.36363636363636365,0.0,1.0,1.9499999999999993,22
Butter,0,0.005863636363636363,0.0,0.0,0.0,0.045454545454545456,0.0,0.0,0.0,110
Butter,1,0.009523809523809525,0.0,0.0,0.0,0.047619047619047616,0.0,0.0,0.0,21
Butternut squashes,0,0.028598039215686273,0.0,0.00979999999999999,0.12229166666666613,0.11764705882352941,0.0,0.6999999999999993,1.0,34
Calf fresh meat,0,0.0,0.0,0.0,0.0,0.0,0.0,0.0,0.0,391
Canned mushrooms,0,0.09421617777777777,0.0528145,0.14489999999999997,0.2749899999999997,1.0,1.0,1.0,1.299999999999999,15
Canned or jarred peach,0,0.07637142857142856,0.104,0.1114,0.1134,0.7857142857142857,1.0,1.0,1.0,14
Canned or jarred pear,0,0.005756666666666668,0.0,0.0,0.02590499999999991,0.2,0.0,0.0,0.8999999999999968,15
Canned or jarred peas,0,0.025944444444444447,0.015,0.07450000000000001,0.0865,0.8333333333333334,1.0,1.0,1.0,18
Canned or jarred pineapple,0,0.0,0.0,0.0,0.0,0.0,0.0,0.0,0.0,14
Canned or jarred sour cherry,0,0.02647666666666667,0.016300000000000002,0.038526666666666695,0.059950000000000114,1.2,1.0,2.0,2.1000000000000014,20
Canned/jarred vegetables,0,20.752167326007324,0.0,2.880000000000003,116.5439999999997,1.1692307692307693,0.0,2.0,3.5999999999999943,65
Carrots,0,4.695521289325503,0.0,0.20773333333333355,0.9859999999999991,5.75114006514658,0.0,3.0,4.0,1535
Carrots,1,1.239445945362272,0.0,0.10737,0.137675,1.91156462585034,0.0,1.0,2.0,294
Carrots and similar-,0,0.1380625978090767,0.0,0.05373333333333335,0.5282666666666618,0.47183098591549294,0.0,1.0,2.0,142
Carrots and similar-,1,0.2234239766081871,0.0065,1.0695999999999999,1.249999999999999,0.8421052631578947,1.0,2.0,2.099999999999998,19
Cashew nuts,0,0.07821621621621622,0.0,0.0,0.16419999999999813,0.08108108108108109,0.0,0.0,1.0,74
Cashew nuts,1,0.0,0.0,0.0,0.0,0.0,0.0,0.0,0.0,12
Cashew nuts and similar-,0,0.04727272727272727,0.0,0.0,0.26,0.09090909090909091,0.0,0.0,0.5,11
Cassava roots,0,0.09318181818181817,0.0,0.0,0.9499999999999993,0.09090909090909091,0.0,0.0,0.9499999999999993,22
Cattle fresh fat tissue,0,0.08781506992277187,0.0,0.23333333333333334,0.43333333333333335,0.19035691922354414,0.0,1.0,1.0,1597
Cattle milk,0,0.051013333333333334,0.0,0.0,0.0,0.03333333333333333,0.0,0.0,0.0,300
Cauliflowers,0,3.412301312021312,0.0,0.078,0.37,4.72027972027972,0.0,1.0,2.0,1001
Cauliflowers,1,0.04328245341614907,0.0,0.015925,0.03233333333333333,0.15217391304347827,0.0,1.0,1.0,46
Cauliflowers and similar-,0,0.03284285714285714,0.0,0.0,0.0023599999999999966,0.1323529411764706,0.0,0.0,1.0,68
Cauliflowers and similar-,1,0.06532857142857143,0.0,0.004937142857142859,0.3200749999999997,0.42857142857142855,0.0,1.0,1.6999999999999993,14
Celeriacs,0,6.695012579279172,0.0765,1.6180999999999979,6.310749999999998,9.485106382978723,2.0,6.0,7.0,235
Celeriacs,1,0.017216666666666665,0.0,0.0644,0.13326666666666667,0.125,0.0,0.5,1.0,16
Celeries,0,5.084682150047148,0.023214285714285715,1.7799182857142875,8.605338095238087,2.366336633663366,2.0,5.0,6.0,202
Celeries,1,0.00021818181818181816,0.0,0.0,0.0012,0.09090909090909091,0.0,0.0,0.5,11
Celeries and similar-,0,1.2944103785103787,0.007063492063492063,1.2178095238095237,7.202642857142857,1.4230769230769231,1.0,3.0,3.0,26
Celery leaves,0,2.0484902782620784,0.0228,1.1962000000000006,2.5301392000000003,1.635036496350365,1.0,4.0,5.0,137
Ceps,0,7.442202614379085,0.30333333333333334,18.591200000000015,44.83439999999998,1.0,1.0,2.200000000000001,4.0,17
Cereal and cereal-like flours,0,0.0,0.0,0.0,0.0,0.0,0.0,0.0,0.0,18
Cereal grains (and cereal-like grains),0,0.013217391304347825,0.0,0.0,0.0,0.010434782608695653,0.0,0.0,0.0,575
Chamomile,0,1.598349074074074,0.0,6.666463333333335,8.867055555555554,0.8333333333333334,0.0,3.700000000000001,4.449999999999999,12
Chanterelles,0,63.6298306010929,0.0,277.39,278.19,72.88524590163935,0.0,322.0,323.0,61
Chards,0,1.3453604561101549,0.0,2.031199999999999,3.4340799999999945,0.9156626506024096,0.0,3.0,3.0,83
Chards and similar-,0,0.1969688888888889,0.002,0.3624533333333332,1.0424166666666648,1.4666666666666666,1.0,3.5999999999999996,4.0,15
Cheese,0,0.010606060606060605,0.0,0.0,0.0,0.030303030303030304,0.0,0.0,0.0,33
"Cheese, feta",0,0.11637272727272728,0.0738,0.2576,0.3208,1.8181818181818181,2.0,3.0,3.0,11
Cherimoyas,0,2.7818181818181817,0.0,2.0,14.65,0.6363636363636364,0.0,1.0,3.0,11
Cherries (sweet),0,5.031740620858983,0.12,0.8556333333333345,1.8351333333333333,9.276374442793463,3.0,6.0,8.0,673
Cherries and similar-,0,0.20107129301355578,0.05766666666666667,0.4418600000000001,0.7549333333333329,2.510948905109489,3.0,5.0,6.0,137
Cherry tomatoes,0,16.555527063492065,0.09,3.817785714285719,185.22044444444444,25.66,1.0,8.0,271.0,50
Chestnuts,0,0.0,0.0,0.0,0.0,0.0,0.0,0.0,0.0,31
Chia seeds,0,0.3140993788819876,0.0,0.66,1.247999999999999,0.4782608695652174,0.0,1.8000000000000007,2.0,23
Chia seeds,1,0.030454545454545456,0.0,0.018000000000000044,0.09599999999999995,0.13636363636363635,0.0,0.9000000000000021,1.0,22
Chicken fresh meat,0,1.0047399681401832,0.0,0.0,0.0,1.2479091995221028,0.0,0.0,0.0,1674
Chicken fresh meat,1,0.0,0.0,0.0,0.0,0.0,0.0,0.0,0.0,13
Chicken liver,0,12.397962027914614,0.0,0.14766666666666614,150.68766666666667,16.55665024630542,0.0,1.0,206.0,812
"Chicken, fresh fat tissue",0,2.397465952711051,0.0,0.0,0.08,3.392156862745098,0.0,0.0,1.0,918
Chickpeas (dry),0,0.20817136752136753,0.0,0.35171999999999937,0.8852999999999984,0.48717948717948717,0.0,2.0,3.0,78
Chickpeas (dry),1,0.0,0.0,0.0,0.0,0.0,0.0,0.0,0.0,16
Chickpeas (with pods),0,2.172031746031746,0.0,4.8,6.05,0.42857142857142855,0.0,1.0,2.0,21
Chili peppers,0,8.728437732771791,0.1322222222222222,22.383906349206356,55.3641761904761,7.9227053140096615,2.0,14.400000000000006,21.399999999999977,207
Chinese cabbages,0,0.3090307483903869,0.00095,0.6770476190476199,1.6153042857142856,0.8152610441767069,1.0,2.0,3.0,249
Chinese cabbages and similar-,0,0.004147642390289449,0.0,0.015580952380952383,0.018412698412698412,0.5882352941176471,0.0,1.4000000000000004,2.0,17
Chinese persimmons,0,0.0,0.0,0.0,0.0,0.0,0.0,0.0,0.0,16
Chinottos,0,0.02586206896551724,0.0,0.0,0.0,0.0049261083743842365,0.0,0.0,0.0,406
Chironjas,0,0.09578508771929824,0.0,0.3718690476190475,0.5568964285714275,0.5789473684210527,0.0,3.1999999999999993,4.0,19
Chives,0,1.6599526805276101,0.016142857142857143,0.8914657142857143,1.6541964285714283,2.323943661971831,2.0,5.0,7.0,71
Cinnamon bark,0,0.55766,0.0,0.2960000000000001,4.484999999999985,0.68,0.0,1.0,1.7999999999999972,25
Citrus fruits,0,0.12982100455204967,0.0,0.12200000000000008,0.24079999999999985,0.6521739130434783,0.0,2.0,2.0,23
Clementines,0,3.6406413179519594,0.29527499999999995,0.9023214285714285,1.118338492063492,7.477876106194691,3.0,6.0,7.75,226
Clementines,1,0.05877634099616858,0.0,0.14586666666666662,0.2552666666666665,0.5517241379310345,0.0,2.0,2.599999999999998,29
Cocoa beans (fermented or dried),0,0.24705882352941178,0.0,0.9719999999999994,1.4679999999999989,0.35294117647058826,0.0,1.0,1.3499999999999979,34
Cocoa beans (fermented or dried),1,0.6298571428571428,0.0,0.40900000000000025,3.1495999999999973,0.21428571428571427,0.0,1.0,1.0,14
Cocoa powder,0,10.552401960784314,0.8140000000000001,59.19046666666661,83.20866666666667,31.970588235294116,1.0,186.0999999999998,265.0,34
Cocoa powder,1,0.7594615384615385,0.746,0.888,1.1511999999999991,1.0,1.0,1.0,1.3999999999999986,13
Coconut oil/fat,0,0.0,0.0,0.0,0.0,0.0,0.0,0.0,0.0,68
"Coffee beans, green",0,0.2683333333333333,0.0,0.2,1.3,0.38095238095238093,0.0,1.0,1.0,21
"Coffee beans, green",1,0.05217391304347826,0.0,0.0,0.0,0.043478260869565216,0.0,0.0,0.0,23
"Coffee beans, roasted",0,0.07075000000000001,0.0,0.2862000000000001,0.4437,0.46875,0.0,1.9000000000000021,3.0,32
"Coffee ground, roasted",1,0.0,0.0,0.0,0.0,0.0,0.0,0.0,0.0,14
Coffee ingredients (RPC derivatives),0,0.3080630630630631,0.0,1.0289999999999997,1.6039999999999983,0.7027027027027027,0.0,3.0,3.1999999999999957,37
Common banana,0,17.027610126738033,0.14166666666666666,0.8176190476190478,220.3310134920635,23.14470284237726,2.0,5.0,271.0,387
Common banana,1,0.11932703081232493,0.0,0.16578571428571443,1.1684047619047546,0.4117647058823529,0.0,1.0,2.0,102
Common banana - acuminata cultivars,0,0.30407142857142855,0.1397857142857143,0.7872714285714283,1.1851285714285706,1.8918918918918919,2.0,3.0,3.1999999999999957,37
Common millet and similar-,0,0.09375,0.0,0.0,0.375,0.0625,0.0,0.0,0.25,16
Common millet grain,0,5.171703439153439,0.0,0.4240000000000005,1.451999999999998,6.177777777777778,0.0,1.0,1.0,45
Common millet grain,1,0.05985507217391305,0.0,0.0,0.47699999999999926,0.08695652173913043,0.0,0.0,0.8999999999999986,23
Common mushrooms,0,0.0927637824754902,0.0,0.22009055000000002,0.4669999999999993,0.5441176470588235,0.0,2.0,2.0,272
Common mushrooms,1,0.006348958333333333,0.0,0.0,0.016116666666666658,0.09375,0.0,0.0,1.0,32
Common peaches,0,9.278505246462974,0.1866,1.4979333333333333,7.352358333333333,13.91373801916933,2.0,6.0,9.75,626
Common peaches,1,0.08827777777777779,0.0,0.07950000000000002,0.4647833333333327,0.6666666666666666,0.0,1.0,3.2499999999999964,12
Common wheat grain,0,0.7665367598566308,0.0,0.33074857142857145,0.42959999999999965,1.3548387096774193,0.0,2.0,3.0,465
Common wheat grain,1,0.11317692307692308,0.0,0.0010799999999999985,0.36214999999999975,0.17307692307692307,0.0,0.8999999999999986,1.0,52
Coriander leaves,0,13.847038326432022,0.2299404761904762,19.275998476190495,69.19437619047599,3.579710144927536,2.0,7.200000000000003,10.0,69
Courgettes,0,2.6919178225325218,0.0,0.4215000000000004,1.000078,4.31203007518797,0.0,3.0,3.1499999999999773,798
Courgettes,1,0.062180740740740745,0.0,0.167,0.37099999999999994,0.3111111111111111,0.0,1.0,1.5499999999999972,90
Courgettes and similar-,0,0.13763999999999998,0.0,0.42000000000000026,0.8953999999999995,0.7636363636363637,0.0,2.0,4.0,55
Cow milk,0,7.508842299262801,0.0,0.0,0.19544999999999993,9.311715481171548,0.0,0.0,1.0,478
"Cow milk, natural high fat",0,0.004255555555555556,0.0,0.0,0.02652499999999999,0.07222222222222222,0.0,0.0,1.0,180
"Cow milk, semi skimmed (half fat)",0,0.041400000000000006,0.0,0.0,0.0,0.08,0.0,0.0,0.0,25
"Cow milk, whole",0,0.004748644986449865,0.0,0.0,0.0,0.02981029810298103,0.0,0.0,0.0,369
"Cow milk, whole",1,0.00039999999999999996,0.0,0.0,0.0,0.01818181818181818,0.0,0.0,0.0,55
"Cow, ox or bull fresh meat",0,0.21613657142857143,0.0,0.0,0.0,0.02857142857142857,0.0,0.0,0.0,350
"Cow, ox or bull fresh meat",1,0.0,0.0,0.0,0.0,0.0,0.0,0.0,0.0,11
Crab apples,0,0.04728148148148148,0.0,0.0,0.016259999999999997,0.06481481481481481,0.0,0.0,1.0,108
Cranberries,0,0.04615384615384615,0.0,0.0,0.23999999999999913,0.07692307692307693,0.0,0.0,0.3999999999999986,13
Cream sprayable,0,0.3384313725490196,0.0,0.7,2.16,0.29411764705882354,0.0,1.0,1.0,51
"Cream, plain",0,1.1681040166584,0.0,3.7620000000000005,7.8659999999999854,0.28,0.0,1.0,1.0,25
Crisp lettuces,0,0.12458214835164835,0.000425,0.031006047619047617,0.06985185714285662,1.4849498327759196,1.0,4.0,6.0,299
Cucumbers,0,12.981326367984694,0.038,0.9996600000000001,191.4192857142857,19.675,1.0,6.0,271.0,1120
Cucumbers,1,0.023527397260273974,0.0,0.03383999999999997,0.09599999999999938,0.2054794520547945,0.0,1.0,1.0,73
Cucumbers and similar-,0,0.13115633802816903,0.0056,0.43333333333333335,0.5055000000000001,1.0,1.0,3.0,4.0,71
Cultivated fungi and similar-,0,4.874416725698543,0.0,0.162,0.232,5.586776859504132,0.0,1.0,2.0,121
Cumin seed,0,14.888104144620813,0.38,65.62872761904762,103.68444126984126,16.266666666666666,1.0,21.0,24.799999999999997,45
Curly kales,0,0.8931159486016629,0.10476190476190475,1.61022,3.055783333333332,2.2222222222222223,2.0,4.0,4.0,63
"Currants (black, red and white)",0,30.726211894586896,0.3716,214.6030188888889,248.82457222222223,41.97435897435897,4.0,272.0,322.0,39
Dasheen taros,0,0.19603658536585364,0.0,0.3135000000000001,0.9400000000000005,0.12195121951219512,0.0,1.0,1.0,82
Dates,0,1.3546936936936937,0.0,3.7499999999999964,9.087599999999997,0.6756756756756757,0.0,3.0,4.199999999999996,37
Deer fresh meat,0,0.003278688524590164,0.0,0.0,0.025,0.06557377049180328,0.0,0.0,1.0,61
Deer kidney,0,0.06366666666666668,0.0,0.19266666666666685,0.31133333333333335,0.3,0.0,1.0,1.0,20
Deer liver,0,0.07893939393939393,0.0,0.0,0.0,0.045454545454545456,0.0,0.0,0.0,22
Dill leaves,0,4.541024947478992,0.003,0.7389733333333346,1.3748813333333334,2.5588235294117645,1.0,7.0,8.0,68
Dried apricots,0,0.5088264227642276,0.0725,1.6749999999999998,2.4595,1.4634146341463414,1.0,3.0,4.0,41
Dried apricots,1,0.0,0.0,0.0,0.0,0.0,0.0,0.0,0.0,11
Dried dates,0,0.4001463768115942,0.106,0.3125999999999995,2.2375000000000016,0.9057971014492754,1.0,1.0,1.0,138
Dried dates,1,0.18561543209876544,0.123,0.3890000000000007,0.6689666666666666,0.8148148148148148,1.0,1.0,1.0,27
Dried figs,0,0.0,0.0,0.0,0.0,0.0,0.0,0.0,0.0,12
Dried fruit,0,0.5427836405529954,0.0,0.23931666666666665,2.17,0.8387096774193549,0.0,1.0,5.0,31
Dried herbs,0,3.9464948509561304,0.189,1.8693333333333335,4.359999999999999,1.4356955380577427,1.0,3.0,5.0,381
Dried herbs,1,0.22003796296296296,0.10025,0.392225,1.0917999999999977,0.5555555555555556,1.0,1.0,1.0,45
Dried mushrooms,0,20.0760998015873,0.6000000000000001,70.45166666666672,132.89999999999992,6.4375,1.0,2.0,2.6499999999999986,48
Dried nuts/seeds and related flours and powders,0,0.09735353535353536,0.0,0.3128,0.3164666666666667,0.3333333333333333,0.0,1.0,1.0,33
Dried prunes,0,4.287530434782609,0.0,0.7387600000000005,31.602119999999953,1.434782608695652,0.0,2.0,2.8999999999999986,23
Dried vegetables,0,3.832817595266695,0.33,1.3,3.8625,4.108108108108108,1.0,2.0,3.0,111
Dried vegetables,1,0.8936363636363637,0.139,0.8140000000000001,4.507,0.5454545454545454,1.0,1.0,1.0,11
Dried vine fruits (raisins etc.),0,7.5133062338217345,0.37566666666666665,3.783225952380952,15.2958066666666,14.403846153846153,5.0,20.099999999999994,24.0,260
Dried vine fruits (raisins etc.),1,3.7557296507936506,0.0,0.021200000000000017,0.2659999999999997,5.52,0.0,1.0,1.0,50
Duck fresh meat,0,0.004361233480176211,0.0,0.0,0.0,0.013215859030837005,0.0,0.0,0.0,227
"Duck, fresh fat tissue",0,24.156355151515154,0.0,120.56177575757589,154.00951515151516,33.12,0.0,165.20000000000013,204.0,25
Durum wheat grain,0,0.04024491596638655,0.0,0.09000000000000022,0.14499999999999993,0.23529411764705882,0.0,1.0,1.0,85
Durum wheat grain,1,0.0,0.0,0.0,0.0,0.0,0.0,0.0,0.0,17
Emmer wheat grain,0,0.005106382978723404,0.0,0.0,0.0,0.02127659574468085,0.0,0.0,0.0,47
Escaroles,0,0.11169697278911564,0.006,0.17895542857142863,0.49648266666666646,1.7142857142857142,1.0,4.800000000000011,6.0,203
Escaroles and similar-,0,0.16023813664596273,0.0,0.2944906666666667,1.1409447619047606,1.0434782608695652,0.0,3.8000000000000007,4.899999999999999,23
Field beans (dry seeds),0,0.45908890386343215,0.34924999999999995,0.7620833333333334,1.2939999999999998,1.0754716981132075,1.0,2.0,2.0,106
Field beans (dry seeds),1,0.25027272727272726,0.293,0.4144000000000001,0.5064749999999999,0.8636363636363636,1.0,1.0,1.0,22
Figs,0,0.4028206751054852,0.0,0.09560000000000109,1.1709999999999945,0.2911392405063291,0.0,1.0,3.0,79
Fingerrot roots,0,0.3141666666666667,0.085,0.742,1.1459999999999995,0.8333333333333334,0.5,1.9000000000000004,2.8999999999999986,12
Firm/semi-hard cheese (gouda and edam type),0,0.0,0.0,0.0,0.0,0.0,0.0,0.0,0.0,13
Flat peaches,0,0.39818984126984125,0.24933333333333335,0.8142666666666667,0.95,3.5238095238095237,4.0,4.0,7.0,21
Florence fennels,0,0.08666638157894736,0.00345,0.035548333333333335,0.5440549999999988,1.144736842105263,1.0,3.0,3.0,152
Florence fennels,1,0.0057955555555555555,0.0,0.02562,0.028379999999999996,0.4,0.0,1.5999999999999996,2.0,15
Florence fennels and similar-,0,0.08517995169082127,0.008888888888888889,0.06554000000000003,0.10961999999999993,1.3478260869565217,1.0,3.0,3.0,23
Flour mix (like wheat/rye/barley/oats and other),0,0.0,0.0,0.0,0.0,0.0,0.0,0.0,0.0,16
"Follow-on formula, milk-based, liquid",0,0.0,0.0,0.0,0.0,0.0,0.0,0.0,0.0,11
"Follow-on formula, milk-based, powder",0,43.944646039325846,0.0,313.2000000000001,399.9999999999999,0.2247191011235955,0.0,1.0,1.0,89
"Follow-on formula, milk-based, powder",1,43.3681610074074,0.0,152.5809779400008,383.8,0.2962962962962963,0.0,1.0,1.0,27
Follow-on formulae,0,0.04375,0.0,0.0,0.0,0.015625,0.0,0.0,0.0,64
"Follow-on formulae, powder",0,0.3239916666666667,0.0,1.063,1.8634999999999982,0.4166666666666667,0.0,1.6999999999999993,2.0,24
Food for infants and young children,0,0.02631578947368421,0.0,0.0,0.0,0.008771929824561403,0.0,0.0,0.0,114
French beans (with pods),0,0.9509373964191976,0.01727142857142857,0.15401333333333345,0.7562303571428539,1.2007874015748032,1.0,3.0,4.0,508
French beans (with pods),1,0.07606753968253968,0.0,0.13509000000000007,0.5069299999999983,0.6333333333333333,0.0,2.0,2.0,30
Fruit and vegetable juices and nectars specific for infants and young children,0,0.0,0.0,0.0,0.0,0.0,0.0,0.0,0.0,43
Fruit and vegetable juices and nectars specific for infants and young children,1,0.0,0.0,0.0,0.0,0.0,0.0,0.0,0.0,46
Fruit juices (100% from named source),0,0.026631884057971015,0.0,0.06308000000000001,0.09055999999999996,0.6521739130434783,0.0,1.0,2.799999999999997,23
Garden peas (dry),0,6.090612731481482,0.0,1.0965000000000042,10.879999999999987,7.291666666666667,0.0,2.0,2.0,48
Garden peas (with pods),0,1.1447180952380953,0.024,0.29000000000000004,0.7455999999999994,1.457142857142857,1.0,3.0,4.0,35
Garden peas (without pods),0,0.32195039682539683,0.0,0.8200000000000003,1.0469166666666663,0.9166666666666666,0.0,3.0,3.0,48
Garlic,0,0.09426049145299145,0.0,0.1207,0.46740000000000004,0.5448717948717948,0.0,2.0,3.0,156
Garlic and similar-,0,0.0085875,0.0,0.001959999999999998,0.00653999999999999,0.25,0.0,0.6999999999999993,1.0,24
Gherkins,0,9.739098201415702,0.0,1.3241433333333346,9.984150000000023,13.83108108108108,0.0,4.0,4.650000000000006,148
Ginger roots,0,3.2012177655677654,0.0,1.28,5.4,0.46153846153846156,0.0,1.0,1.5,91
Ginger roots,1,0.0772765503875969,0.0,0.1721,0.305,0.22093023255813954,0.0,1.0,1.0,86
Globe artichokes,0,0.04316523002421307,0.0,0.04802666666666676,0.07839999999999986,0.3050847457627119,0.0,1.0,2.0,59
Globe artichokes and similar-,0,0.006976190476190476,0.0,0.011666666666666685,0.03918333333333331,0.21428571428571427,0.0,0.7000000000000011,1.3499999999999996,14
Globe tomato,0,45.74726520420902,0.02,216.15996507936507,216.33969841269843,68.85393258426966,1.0,322.0,323.0,89
Goat fat tissue,0,0.0,0.0,0.0,0.0,0.0,0.0,0.0,0.0,83
Goat fresh meat,0,4.773170731707317e-05,0.0,0.0,0.0,0.04878048780487805,0.0,0.0,0.0,41
Goat liver,0,0.0,0.0,0.0,0.0,0.0,0.0,0.0,0.0,19
Goat milk,0,0.018906617647058827,0.0,0.0,0.026652499999999975,0.08823529411764706,0.0,0.0,1.0,68
Goat milk,1,0.0,0.0,0.0,0.0,0.0,0.0,0.0,0.0,16
Gojiberry,0,0.534770238095238,0.049666666666666665,1.4622857142857146,1.8853333333333357,1.55,1.0,4.200000000000003,6.050000000000001,20
Goose fresh meat,0,0.0,0.0,0.0,0.0,0.0,0.0,0.0,0.0,11
"Goose, fresh fat tissue",0,11.718149270482604,0.0,3.228400000000017,110.2279606060605,15.814814814814815,0.0,7.6000000000000405,148.4999999999999,27
"Gooseberries (green, red and yellow)",0,0.5449980345911949,0.13399166666666668,1.0071833333333333,2.354775,3.8773584905660377,4.0,6.0,7.75,106
Granate apples,0,1.2375614089367526,0.0,1.3,3.0,1.1399416909620992,0.0,1.0,2.0,2401
Grape leaves,0,130.21264840079365,7.638333333333334,254.22194000000005,365.91749999999985,9.758333333333333,4.0,10.100000000000009,14.099999999999994,120
Grapefruits,0,0.24965087983149803,0.02766666666666667,0.5662650793650793,0.8433142857142857,1.428867046042421,1.0,4.0,5.0,1933
Grapefruits,1,0.10748050887021475,0.0,0.36125357142857173,0.9058015873015872,0.5882352941176471,0.0,1.8000000000000007,3.599999999999998,17
Grapefruits and similar-,0,0.6698686271730915,0.12520833333333334,0.4956583333333335,1.6451749999999978,1.9761904761904763,2.0,3.0,4.0,84
Green onions,0,0.47620943977591035,0.0,0.3556780000000008,1.4793999999999994,0.45588235294117646,0.0,2.0,2.6499999999999986,68
Ground cherries (physalis etc.),0,2.967431372549019,0.0015,3.499850000000003,15.201916666666643,1.0588235294117647,1.0,3.0,3.1999999999999993,17
Guavas,0,5.747857142857143,4.07,11.030000000000003,17.968999999999994,1.7142857142857142,1.5,3.700000000000001,4.0,14
Hazelnuts,0,0.013888888888888888,0.0,0.0,0.08675000000000005,0.06944444444444445,0.0,0.0,1.0,72
Head cabbages,0,10.094568817048145,0.0,0.06440000000000089,6.899999999999989,13.06060606060606,0.0,1.0,3.1999999999999886,297
Head cabbages and similar-,0,0.055222499999999994,0.0,0.002910000000000007,0.012,0.15,0.0,1.0,1.0,40
Head lettuces,0,0.06376368520859671,0.009729999999999999,0.13715828571428568,0.29147933333333326,2.3451327433628317,2.0,6.0,7.0,113
Hen egg mixed whole,0,0.0,0.0,0.0,0.0,0.0,0.0,0.0,0.0,17
Hen eggs,0,5.63847320261438,0.0,0.1,0.35950000000000043,6.993761140819965,0.0,1.0,1.0,1122
Hen eggs,1,0.038684210526315786,0.0,0.0,0.025,0.05263157894736842,0.0,0.0,0.25,76
Herbal infusion materials from any other parts of the plant,0,0.3369312169312169,0.0,0.0,2.0199999999999987,0.08994708994708994,0.0,0.0,1.0,189
Herbal infusion materials from leaves and herbs,0,1.9560027777777778,0.0,6.844595000000005,12.913999999999993,0.7777777777777778,0.0,2.3000000000000007,3.1499999999999986,18
Honey,0,0.0697404255319149,0.0,0.01,0.24,0.1267345050878816,0.0,1.0,1.0,1081
Honey,1,0.028076923076923076,0.0,0.0,0.0,0.038461538461538464,0.0,0.0,0.0,52
"Honey, monofloral",0,9.761000595238094,0.0,1.1467999999999956,119.13466666666667,24.042857142857144,0.0,3.0,294.0,280
"Honey, monofloral",1,0.0003252032520325203,0.0,0.0,0.0,0.024390243902439025,0.0,0.0,0.0,41
"Honey, polyfloral",0,2.9266682170542633,0.0,0.13919999999999977,0.7719999999999994,7.116279069767442,0.0,1.0,2.0,215
"Honey, polyfloral",1,0.10434782608695652,0.0,0.0,0.0,0.043478260869565216,0.0,0.0,0.0,23
Hops,0,0.7593366190476191,0.6100555555555556,1.6135988888888897,1.968794444444444,6.92,7.0,10.0,10.799999999999997,25
Horse fresh meat,0,3.6363636363636364e-05,0.0,0.0,0.0,0.01818181818181818,0.0,0.0,0.0,55
Horse mushrooms,0,0.028333333333333335,0.0,0.017733333333333347,0.1159999999999997,0.3333333333333333,0.0,1.0,1.0,45
"Horse, fresh fat tissue",0,0.14646666666666666,0.0,0.6042,0.7218999999999995,0.26666666666666666,0.0,1.0,1.299999999999999,15
Horseradish roots,0,0.22000000000000003,0.266,0.3976,0.4255999999999999,0.6923076923076923,1.0,1.0,1.0,13
Huckleberries,0,0.05745969215969216,0.016625,0.131,0.19285833333333335,1.9653679653679654,1.0,4.0,6.0,231
Huckleberries,1,0.034095238095238095,0.0,0.15,0.154,0.23809523809523808,0.0,1.0,1.0,21
"Infant formula, based on protein hydrolysates, powder",0,53.166255485,0.0,321.8,340.95000000000005,0.4,0.0,1.0,1.0,20
"Infant formula, milk-based, liquid",0,8.69037558685446,0.0,13.5,15.2,9.732394366197184,0.0,17.0,19.0,71
"Infant formula, milk-based, powder",0,17.683741819469027,0.0,0.25565213999999975,6.199999999999974,0.1592920353982301,0.0,1.0,1.0,113
"Infant formula, milk-based, powder",1,57.15866786153846,0.0,335.0,399.75,0.19230769230769232,0.0,1.0,1.0,26
Infant formulae,0,0.0,0.0,0.0,0.0,0.0,0.0,0.0,0.0,90
"Infant formulae, liquid",0,0.0,0.0,0.0,0.0,0.0,0.0,0.0,0.0,14
"Infant formulae, powder",0,102.4417724137931,0.0,434.0,441.0,0.4482758620689655,0.0,1.0,1.5999999999999979,29
"Infant formulae, powder",1,0.4276249999999999,0.0,1.23804,1.6055949999999994,0.6666666666666666,0.0,2.0,2.0,12
Jerusalem artichokes,0,0.009972727272727274,0.0,0.0,0.0,0.045454545454545456,0.0,0.0,0.0,22
"Juice concentrate, apple",0,0.3666312499999999,0.029716666666666666,0.16166666666666668,1.3816666666666664,1.125,1.0,2.5,3.75,16
"Juice, apple",0,6.17464962962963,0.004433333333333333,0.0952,0.24993333333333334,9.657657657657658,1.0,2.0,6.0,111
"Juice, apple",1,0.03088875,0.0,0.047,0.129,0.3125,0.0,1.0,1.0,16
"Juice, grape",0,10.247069047619048,0.00673,0.01777,40.97729285714286,16.1875,1.0,1.0,62.5,16
"Juice, lemon",0,0.003967481203007519,0.0,0.010069999999999997,0.012558214285714273,0.5789473684210527,0.0,1.0,1.1999999999999957,19
"Juice, lime",0,0.0018666666666666666,0.002,0.0044,0.004759999999999999,0.5333333333333333,1.0,1.0,1.0,15
"Juice, orange",0,5.31396731836366,0.00475,0.07260714285714284,0.08645535714285713,8.089430894308943,1.0,3.0,4.0,123
"Juice, pear",0,0.022586666666666665,0.0,0.06788,0.11005999999999985,0.2,0.0,1.0,1.0,15
"Juice, pineapple",0,0.015477799227799226,0.02205,0.027639999999999998,0.029099999999999997,0.6756756756756757,1.0,1.0,1.0,37
Kaki,0,0.7061628512228019,0.00742726736,1.1943777777777786,2.1001972222222243,1.0217391304347827,1.0,3.0,4.0,92
Kaki and similar-,0,0.235519341563786,0.0,0.24444444444444444,0.42616666666666586,0.5,0.0,1.0,2.0,54
Kales and similar-,0,17.488172306349206,0.015,9.573,223.53196111111112,21.83,1.0,5.1000000000000085,270.05,100
Kidney bean (dry seeds),0,0.23425500000000002,0.18,0.44850000000000007,0.5718249999999999,0.9,1.0,2.0,2.0,40
"Kiwi fruits (green, red, yellow)",0,5.031784000306654,0.0,0.34459999999999974,1.0914600000000014,6.665133394664213,0.0,2.0,4.0,1087
"Kiwi fruits (green, red, yellow)",1,0.037867188552188555,0.0,0.0806,0.10489499999999997,0.29292929292929293,0.0,1.0,1.0,99
Kiwi fruits and similar-,0,0.05684863782051282,0.0,0.13333333333333333,0.1984333333333333,0.5576923076923077,0.0,2.0,2.0,104
Kiwi fruits and similar-,1,4.5833333333333334e-05,0.0,0.00017550000000000006,0.0002669999999999999,0.16666666666666666,0.0,0.9000000000000004,1.0,12
Kohlrabi leaves,0,0.6701336219336219,0.0054666666666666665,0.5037142857142857,3.6518571428571427,1.0909090909090908,1.0,2.0,2.0,11
Kohlrabies,0,12.456509683281412,0.0,0.10014,77.89912777777663,15.5,0.0,1.700000000000017,97.59999999999854,214
Kohlrabies,1,0.001186111111111111,0.0,0.0027600000000000064,0.009642499999999995,0.1111111111111111,0.0,0.3000000000000007,1.0,18
Lamb fresh meat,0,0.009444444444444443,0.0,0.0,0.025499999999999756,0.05555555555555555,0.0,0.0,0.14999999999999858,18
Lamb's lettuces,0,0.09210118078326658,0.017954761904761904,0.21318666666666686,0.4355411904761902,2.2009345794392523,2.0,5.0,6.0,214
Lamb's lettuces,1,0.07481692546583851,0.010745000000000001,0.1849,0.21041500000000002,1.0869565217391304,1.0,2.0,2.75,46
Laurel,0,0.34375757575757576,0.0,1.6028571428571428,1.6114285714285714,0.6363636363636364,0.0,2.0,2.5,11
Leeks,0,3.4195576572871578,0.0009555555555555556,0.12670666666666705,0.28215000000000046,5.293939393939394,1.0,4.0,5.0,330
Leeks,1,0.003925,0.0,0.017000000000000022,0.030600000000000002,0.15,0.0,1.0,1.0,20
Legumes with pod,0,0.00019207683073229291,0.0,0.0,0.0,0.008403361344537815,0.0,0.0,0.0,119
Lemongrass,0,0.12665625,0.0,0.2876,0.7774,0.3125,0.0,1.0,1.25,16
Lemons,0,1.7987515853987233,0.027999999999999997,0.775161111111112,1.9658219246031767,2.743913043478261,1.0,4.0,5.0,4600
Lemons,1,0.005862237442922374,0.0,0.0,0.0,0.0958904109589041,0.0,0.0,0.0,146
Lemons and similar-,0,0.3081632016036655,0.12673333333333334,0.8425471428571433,1.0069249999999994,1.7525773195876289,1.0,4.0,5.0,97
Lemons and similar-,1,0.0,0.0,0.0,0.0,0.0,0.0,0.0,0.0,13
Lentils (dry),0,0.6996614130434782,0.022166666666666668,1.4492000000000074,2.461669999999999,1.2228260869565217,1.0,3.0,4.0,184
Lentils (dry),1,0.13885423728813562,0.0,0.1808000000000003,1.4871999999999994,0.3728813559322034,0.0,1.2000000000000028,2.0,59
Lentils (dry) and similar-,0,0.005294117647058823,0.0,0.0,0.017999999999999936,0.11764705882352941,0.0,0.0,0.3999999999999986,17
Lentils (without pods),0,0.13076923076923078,0.0,0.0,0.6799999999999976,0.07692307692307693,0.0,0.0,0.3999999999999986,13
"Lentils, fresh",0,0.0,0.0,0.0,0.0,0.0,0.0,0.0,0.0,13
Lettuces (generic),0,0.227577667703154,0.0020499999999999997,0.49071157142857164,1.2329599999999994,1.6805194805194805,1.0,5.0,6.0,385
Lettuces and similar-,0,39.55003600378975,0.006666666666666667,212.19266666666633,238.41315714285713,54.24913494809689,2.0,281.99999999999943,323.0,289
Limes,0,0.6789021612466125,0.12375,1.4363480000000002,2.596510238095235,3.0365853658536586,3.0,7.0,8.849999999999994,164
Limes,1,0.02781766381766382,0.0,0.0,0.0,0.15384615384615385,0.0,0.0,0.0,39
Limes and similar-,0,0.22236829805996472,0.2166,0.508,0.52318,1.8148148148148149,1.0,5.0,5.699999999999999,27
Linseeds,0,0.7009051000690131,0.0,0.44345,0.7773299999999953,0.4434782608695652,0.0,1.0,2.0,230
Linseeds,1,0.20653287037037038,0.0,0.48323333333333335,0.5133083333333333,0.4444444444444444,0.0,1.0,1.0,144
Litchis,0,29.833565217391307,3.8,45.26440000000001,50.0193,4.173913043478261,1.0,10.0,10.0,23
Lollo rosso,0,0.14460507936507935,0.005666666666666667,0.11528833333333333,0.237,2.0,1.0,4.0,7.0,21
Main-crop potatoes,0,0.11297594420951564,0.0,0.24937142857142852,0.33991238095238085,0.685971685971686,0.0,2.0,3.0,777
Main-crop potatoes,1,0.06436424242424242,0.0,0.2402,0.29699999999999993,0.35454545454545455,0.0,1.0,1.0,110
Maize and similar-,0,0.004171052631578948,0.0,0.0,0.0,0.039473684210526314,0.0,0.0,0.0,152
Maize flour,0,0.14304012345679012,0.0,0.010500000000000042,0.08143333333333293,0.2037037037037037,0.0,0.7000000000000028,1.3499999999999943,54
Maize grain,0,12.903975582203685,0.0,0.053400000000000204,46.5586309523785,16.277372262773724,0.0,1.0,55.79999999999694,137
Maize grain,1,65.45306077694237,0.0,255.76625,255.91125,82.0,0.0,322.0,322.0,19
Maize semolina,0,0.009125,0.0,0.0,0.037399999999999906,0.08333333333333333,0.0,0.0,0.8499999999999979,24
Mammals liver,0,0.0,0.0,0.0,0.0,0.0,0.0,0.0,0.0,12
Mandarins,0,1.3095115362699288,0.0755,0.6250533333333333,1.02995,3.0305034913634694,1.0,5.0,6.0,2721
Mandarins,1,0.030765555555555553,0.0,0.04153333333333341,0.2613333333333326,0.36,0.0,1.0,2.5999999999999943,25
Mandarins and similar-,0,0.38377355699855703,0.19688333333333333,0.9009305555555556,1.2248125,2.4204545454545454,2.0,5.0,6.0,176
Mangoes,0,0.3331494294842538,0.06125,0.5196000000000001,1.5110999999999981,1.351437699680511,1.0,3.0,4.0,313
Mangoes,1,0.0159,0.0,0.04200000000000011,0.14093,0.2777777777777778,0.0,0.6000000000000014,2.1499999999999986,18
Mangoes and similar-,0,0.06826086956521739,0.0,0.2745,0.29824999999999996,0.7391304347826086,0.0,2.0,2.0,23
"Marjoram, dry",0,8.738114417989417,2.6523238095238098,20.173291666666685,44.49555071428567,4.222222222222222,3.0,8.3,9.449999999999996,18
Mate infusion material,0,9.156266666666665,0.0,33.0836,34.4176,2.533333333333333,0.0,8.6,9.299999999999999,15
Medlars,0,0.1056827380952381,0.0,0.17561666666666667,0.49382678571428573,0.625,0.0,2.0,2.25,16
Melons,0,4.644469717195054,0.0142,0.6942,1.2475,7.501347708894879,1.0,4.0,6.0,371
Melons and similar-,0,0.04359523809523809,0.0,0.1439666666666667,0.16441666666666666,0.8571428571428571,0.0,2.0,3.299999999999997,28
Milk,0,0.0009387755102040817,0.0,0.0,0.0,0.04081632653061224,0.0,0.0,0.0,49
Millet groats,0,0.14030970149253733,0.0,0.0,1.2099999999999989,0.08955223880597014,0.0,0.0,1.0,67
Millet rolled grains,0,0.18850625,0.0,0.006840000000000003,1.35103,0.25,0.0,1.0,1.0,32
Minor honey types,0,70.36335555555554,97.74366666666667,119.70466666666667,119.74466666666667,174.73333333333332,246.0,294.0,294.0,15
Mints,0,24.77128677248677,0.19698571428571426,151.07446468253974,165.37463373015873,47.333333333333336,3.0,283.0000000000001,323.0,69
Mirabelles,0,0.28795098039215683,0.073,1.0038000000000002,1.3871833333333332,2.823529411764706,3.0,5.4,6.399999999999999,17
Mozzarella,0,0.0,0.0,0.0,0.0,0.0,0.0,0.0,0.0,23
Mung beans (dry),0,1.5575641025641027,0.0,3.8000000000000007,6.459999999999992,0.9230769230769231,0.0,2.0,3.1999999999999957,13
Musky strawberries,0,2.0989247311827954,0.0,0.0,0.0,0.043010752688172046,0.0,0.0,0.0,93
Mustard seeds,0,0.6758802083333333,0.0,2.160000000000001,2.6558,0.625,0.0,2.0,2.0,32
Nashi pears,0,0.0515062656641604,0.0,0.02599999999999991,0.19799999999999943,0.17293233082706766,0.0,0.7999999999999972,1.0,133
Navy beans (dry seeds),0,1.42735,0.0375,0.9563000000000008,2.993899999999994,0.96,1.0,2.0,2.799999999999997,25
Nectarines,0,9.532130516717325,0.14254285714285714,0.8231266666666666,4.679453333333327,15.19452887537994,2.0,6.0,9.599999999999966,329
New potatoes,0,10.970023952780274,0.0,0.2957066666666671,12.086913103174023,14.383647798742139,0.0,2.0,19.0999999999992,159
New potatoes,1,0.0,0.0,0.0,0.0,0.0,0.0,0.0,0.0,17
Non-fermented tea leaves (green or white tea),0,1.2938927684240364,0.0052833333333333335,1.3956066666666684,4.123094000000001,2.494047619047619,1.0,6.300000000000011,8.0,168
Non-fermented tea leaves (green or white tea),1,0.04879049180327869,0.0,0.056,0.5,0.14754098360655737,0.0,1.0,1.0,61
Northern highbush blueberry,0,0.05604861111111111,0.012375,0.21357500000000004,0.23619999999999997,1.6666666666666667,1.0,3.0,3.4499999999999993,12
Oat flour,0,39.74236286181139,0.0024,210.76159007936508,242.8311388888889,54.05882352941177,1.0,288.8,323.0,17
Oat grain,0,0.17396548209366391,0.0,0.1,0.363,0.24793388429752067,0.0,1.0,1.0,121
Oat grain,1,0.045180000000000005,0.0,0.002200000000000031,0.23554999999999904,0.1,0.0,0.10000000000000142,1.0,50
"Oat grain, red",0,0.0,0.0,0.0,0.0,0.0,0.0,0.0,0.0,21
Oat groats,0,0.0036647058823529415,0.0,0.005920000000000005,0.021339999999999977,0.17647058823529413,0.0,0.40000000000000036,1.1999999999999993,17
Oat rolled grains,0,0.28528414634146343,0.0,0.404,0.796,0.6585365853658537,0.0,2.0,2.0,41
Oat rolled grains,1,0.047215151515151516,0.0,0.26197333333333395,0.34609999999999996,0.18181818181818182,0.0,1.0,1.0,22
Oilseeds,0,0.6695652173913043,0.0,0.0,0.0,0.13043478260869565,0.0,0.0,0.0,23
Okra,0,2.9741546875,0.0017,3.5838333333333345,9.626416666666659,0.90625,0.5,2.0,3.8499999999999943,64
"Olive oil, refined",0,0.03307692307692307,0.0,0.030666666666666693,0.17966666666666617,0.15384615384615385,0.0,0.8000000000000007,1.0,13
"Olive oil, virgin or extra-virgin",0,0.19503898426323318,0.0,0.07,0.555,0.2553648068669528,0.0,1.0,2.0,466
"Olive oil, virgin or extra-virgin",1,0.4,0.0,0.0,0.0,0.02857142857142857,0.0,0.0,0.0,35
Olive oils,0,0.17279487179487177,0.0,0.2,0.6765000000000001,0.37362637362637363,0.0,1.0,2.0,91
Olive pomace oil,0,0.06462962962962963,0.0,0.0,0.17449999999999835,0.1111111111111111,0.0,0.0,0.29999999999999716,18
Onion bulbs for fresh consumption,0,136.24972133848135,93.32394476190476,211.74654761904762,236.5110714285714,190.8108108108108,145.0,279.8,324.0,37
Onions,0,0.13160659999242338,0.0,0.3259400000000011,0.5939333333333335,0.5306284805091488,0.0,2.0,3.0,1257
Onions,1,0.002545219638242894,0.0,0.0,0.0,0.023255813953488372,0.0,0.0,0.0,129
Onions and similar-,0,0.00709764861068376,0.0,0.00010400000000000147,0.006259466235000066,0.10256410256410256,0.0,0.20000000000000284,1.0,39
Oranges,0,2.6476713386641206,0.21077619047619048,0.9839428571428575,1.6830555555555544,5.560401002506266,2.0,5.0,7.0,1995
Oranges,1,0.026299752342704152,0.0,0.0017186666666666644,0.14966499999999947,0.2289156626506024,0.0,1.0,2.0,83
Oranges and similar-,0,0.28637645012737606,0.019333333333333334,0.9243035714285714,1.2142857142857144,1.5061728395061729,1.0,4.0,5.0,81
"Oranges, sweet",0,0.30642752750253693,0.23210714285714285,0.6188029761904766,0.7647695833333332,3.2241379310344827,3.0,7.0,8.0,58
Oregano,0,0.29126438095238094,0.013,0.55005,0.7161683333333357,1.75,1.0,3.3000000000000043,6.2500000000000036,20
Other Aril spices,0,0.18666666666666665,0.0,0.0,0.0,0.03333333333333333,0.0,0.0,0.0,30
Other Bulb vegetables,0,0.0,0.0,0.0,0.0,0.0,0.0,0.0,0.0,22
Other not listed other small fruits and berries,0,0.0,0.0,0.0,0.0,0.0,0.0,0.0,0.0,36
Pak-choi,0,0.10966496825396825,0.06523809523809523,0.3372428571428572,0.41951944444444444,2.0,2.0,4.0,5.0,40
Papayas,0,0.8450090870161013,0.1725,1.6709666666666674,2.9050499999999966,2.050359712230216,2.0,4.0,5.0,139
Paprika powder,0,35.59669493411681,4.961498015873016,176.27469682539694,231.52405634920635,30.4375,4.0,38.40000000000016,261.29999999999995,48
Parsley,0,5.133595071280694,0.06435964285714285,1.417417380952382,5.68338964285714,10.572649572649572,2.0,8.0,12.0,234
Parsley roots,0,0.3570535545935546,0.016,0.6799999999999994,1.8655999999999922,1.2606060606060605,1.0,3.0,4.0,165
Parsley roots,1,0.007285714285714286,0.0,0.014000000000000023,0.04169999999999997,0.14285714285714285,0.0,0.7000000000000011,1.0,14
Parsnip roots,0,0.20169555555555557,0.0,0.38494000000000045,0.6676499999999995,0.675,0.0,2.0,3.0,40
Parsnip roots,1,0.029105,0.0,0.028550000000000388,0.27383,0.15,0.0,1.0,1.0,20
Passionfruits,0,1.8578981404958677,0.03675,4.37,6.74,2.0,2.0,4.0,5.0,121
Passionfruits and similar-,0,0.21351190476190476,0.048,0.6937999999999999,0.7902499999999999,2.066666666666667,2.0,4.0,4.0,15
"Pasta for children (dry, to be cooked)",0,0.0,0.0,0.0,0.0,0.0,0.0,0.0,0.0,14
Peaches and similar-,0,0.3619873225516622,0.17333333333333334,0.7921333333333332,1.2023999999999995,2.509433962264151,2.0,5.0,6.0,265
Peaches and similar-,1,0.07305555555555555,0.0,0.2594000000000001,0.38526666666666654,0.9166666666666666,0.0,3.700000000000001,4.449999999999999,12
Peanuts,0,4.393742737094838,0.09566666666666668,0.7135666666666675,3.987499999999999,5.8277310924369745,1.0,1.0,2.0,238
Peanuts,1,0.07298148148148148,0.0,0.20110000000000003,0.23899999999999982,0.3888888888888889,0.0,1.0,1.0,18
Pearl oyster mushrooms,0,0.5937941176470588,0.0,0.4135000000000003,2.4311999999999943,0.4117647058823529,0.0,1.0,1.1999999999999993,17
Pears,0,4.712663406339644,0.14075,0.8192116666666682,1.991284999999996,9.241566265060241,3.0,6.0,9.0,1660
Pears,1,3.5055874258109037,0.0,0.2856,0.532822857142857,5.28695652173913,0.0,2.0,2.299999999999997,115
Pears and similar-,0,0.1957737433862434,0.049,0.58025,0.7189042857142856,1.5416666666666667,1.0,3.3000000000000043,4.649999999999999,48
Peas (dry) and similar-,0,0.4056917910447761,0.0257,0.8797599999999998,1.457774999999999,1.1343283582089552,1.0,2.0,2.6999999999999957,67
Peas (with pods) and similar-,0,15.870352675070029,0.01125,2.227332222222226,218.6112222222222,20.34313725490196,1.0,5.0,272.0,102
Peas (without pods) and similar-,0,0.10413145539906103,0.0,0.3520952380952384,0.7085642857142856,0.6056338028169014,0.0,2.0,3.0,142
Pecans,0,0.0,0.0,0.0,0.0,0.0,0.0,0.0,0.0,19
"Peppercorn (black, green and white)",0,2.6997619047619046,0.0,7.667666666666669,12.81783333333333,1.9285714285714286,0.0,6.100000000000003,9.449999999999998,14
Peppers and similar-,0,0.3664257478632479,0.0,0.6899444444444442,1.312399999999996,1.2115384615384615,0.0,3.0,5.0,52
Pheasant fresh meat,0,0.0015625,0.0,0.0,0.00625,0.0625,0.0,0.0,0.25,16
Pig fat tissue,0,1.4462747280730475,0.0,0.3,0.45,2.4935064935064934,0.0,1.0,1.0,1309
Pig fresh meat,0,0.11686922374429225,0.0,0.0,0.0,0.11561643835616438,0.0,0.0,0.0,1825
Pig fresh meat,1,0.0,0.0,0.0,0.0,0.0,0.0,0.0,0.0,20
Pig kidney,0,0.1253748427672956,0.11833333333333333,0.3076666666666667,0.4,0.5440251572327044,1.0,1.0,1.0,318
Pig liver,0,11.097291366433648,0.0,0.09099999999999966,138.38338095238095,15.785445420326223,0.0,1.0,204.0,797
Pig minced meat,0,0.18294117647058825,0.0,0.6020000000000002,0.9319999999999999,0.4117647058823529,0.0,1.0,1.0,17
Pineapples,0,0.17231311501344723,0.039357142857142854,0.3458333333333333,0.6228571428571429,1.2225913621262459,1.0,2.0,3.0,301
Pistachios,0,0.5329495798319328,0.0,1.1656999999999997,1.6489999999999991,0.6176470588235294,0.0,2.0,3.349999999999998,34
Pitayas,0,5.112391304347827,1.82,12.556666666666667,26.2,2.260869565217391,2.0,5.5,7.75,46
Plantains,0,0.008252913752913753,0.0,0.0,0.0,0.06993006993006994,0.0,0.0,0.0,143
Pleurotus,0,0.31900000000000006,0.0,0.0,0.5269999999999962,0.1,0.0,0.0,1.0,40
Plum tomato,0,42.118822562358275,0.0,186.83837777777777,197.45075,62.285714285714285,0.0,271.0,289.2,14
Plums,0,7.961527753544166,0.027783333333333333,0.7256190476190476,2.40275,11.650127226463104,1.0,5.0,7.0,786
Plums,1,0.14457867494824017,0.0,0.5720000000000001,0.6458999999999999,0.6521739130434783,0.0,1.8000000000000007,2.8999999999999986,23
Plums and similar-,0,0.053645582329317265,0.0,0.16679999999999987,0.22783333333333314,0.6867469879518072,0.0,1.7999999999999972,3.0,83
Podded pea (young pods),0,1.4212125303454717,0.05333333333333334,1.0654666666666683,9.183599999999974,1.4470588235294117,1.0,3.0,4.0,85
Pointed head cabbages,0,0.044653623188405794,0.0,0.04870000000000001,0.05444999999999999,0.4782608695652174,0.0,1.0,1.8999999999999986,23
Pomelos,0,0.42941755799755804,0.11694444444444445,1.6494533333333334,2.07872,3.6769230769230767,3.0,6.0,6.799999999999997,65
Popcorn kernels,0,0.07220238095238096,0.0,0.22299999999999998,0.245,0.47619047619047616,0.0,1.0,1.0,21
Poppy seeds,0,0.7538407936507936,0.5168333333333334,1.120144444444446,2.636888888888876,1.25,1.0,2.0,3.0,140
Potatoes,0,10.443762100061212,0.0,0.5814333333333336,98.87707936507937,13.806515957446809,0.0,2.0,140.8499999999999,1504
Potatoes,1,0.015001623376623377,0.0,0.0065,0.062,0.14049586776859505,0.0,1.0,1.0,121
Potatoes and similar-,0,0.01623263888888889,0.0,0.04375000000000005,0.129125,0.16666666666666666,0.0,1.0,1.0,48
Poultry fat tissue,0,0.0037623762376237627,0.0,0.0,0.0,0.0165016501650165,0.0,0.0,0.0,303
Poultry fat tissue,1,0.0,0.0,0.0,0.0,0.0,0.0,0.0,0.0,11
"Preserved tomato, whole or pieces",0,0.0434040404040404,0.032,0.0799,0.14299999999999988,1.0909090909090908,1.0,2.0,2.0,33
Prickly pears,0,0.2114141414141414,0.0,0.06733333333333338,0.3119999999999996,0.18181818181818182,0.0,1.0,1.0,33
Processed cereal-based food for infants and young children,0,0.125,0.0,0.0,1.4749999999999999,0.07142857142857142,0.0,0.0,1.0,56
Processed cereal-based food for infants and young children,1,0.07114214166666667,0.0,0.27054057000000004,0.415151535,0.1875,0.0,1.0,1.0,48
Processed maize-based flakes,0,0.051250000000000004,0.0,0.1,0.305,0.125,0.0,0.5,1.0,16
Pulses (dried legume seeds),0,0.0,0.0,0.0,0.0,0.0,0.0,0.0,0.0,45
Pumpkin seed oil,0,109.64568253968254,0.4,233.84977777777777,234.83977777777775,150.91304347826087,1.0,325.0,325.0,23
Pumpkin seeds,0,0.3524193548387097,0.0,1.185,1.6775,0.5483870967741935,0.0,2.0,2.0,31
Pumpkins,0,0.05518154555940023,0.0,0.040799999999999954,0.1799333333333318,0.1903114186851211,0.0,1.0,1.0,289
Pumpkins,1,0.01130952380952381,0.0,0.0,0.03399999999999977,0.05952380952380952,0.0,0.0,0.8499999999999943,84
Pumpkins and similar-,0,2.5401282051282053,0.0,0.01733333333333335,13.212999999999953,0.23076923076923078,0.0,0.8000000000000007,1.3999999999999986,13
Quail eggs,0,0.30909833333333336,0.0,0.8274666666666667,1.7750000000000001,0.4375,0.0,1.5,2.0,16
Quinces,0,0.9460145567169957,0.17391666666666666,1.5224722222222222,3.970222222222222,2.8780487804878048,2.0,6.0,8.0,41
Quinoa grain,0,0.11930555555555555,0.0,0.24700000000000039,0.8599999999999994,0.22916666666666666,0.0,1.0,1.0,48
Quinoa grain,1,0.6633724637681159,0.0,0.5525,1.546,0.43478260869565216,0.0,2.0,2.0,46
Rabbit fresh meat,0,0.0,0.0,0.0,0.0,0.0,0.0,0.0,0.0,39
Radicchio,0,0.028593571428571433,0.0,1.4000000000000022e-05,0.14011449999999986,0.2857142857142857,0.0,0.7000000000000011,1.6999999999999993,14
Radishes,0,16.58510492624376,0.00204,1.7417333333333376,218.4491746031746,21.18374558303887,1.0,5.0,270.9,283
Radishes and similar-,0,0.1376263888888889,0.0,0.3488666666666665,0.7489666666666659,0.625,0.0,1.6999999999999993,2.0,24
"Rape seed oil, edible",0,0.6513333333333333,0.0,1.1256000000000002,2.186799999999999,0.5333333333333333,0.0,2.0,2.0,45
Rapeseeds,0,55.829236935972894,0.2,213.28417460317462,213.8776746031746,83.7752808988764,2.0,324.0,324.0,89
Rapeseeds and similar-,0,0.007897435897435898,0.0,0.00560000000000008,0.07600000000000001,0.10256410256410256,0.0,0.20000000000000284,1.0,39
Raspberries (red and yellow),0,0.7820984314080512,0.006902380952380953,0.31083333333333335,0.6695333333333333,2.425855513307985,1.0,6.0,8.0,526
Raspberries (red and yellow),1,0.05347222222222222,3.3333333333333335e-05,0.16205999999999998,0.18346999999999997,0.5,0.5,1.0,1.0,12
Raspberries and similar-,0,0.07393507326007326,0.0,0.13569333333333328,0.3603604761904749,1.25,0.0,4.899999999999999,5.0,52
Ready-to-eat fruit-based meal for children,0,47.02761044176707,0.0,278.9583333333333,278.9583333333333,44.34939759036145,0.0,283.0,283.0,83
Ready-to-eat fruit-based meal for children,1,0.034108527131782945,0.0,0.0,0.0,0.023255813953488372,0.0,0.0,0.0,129
Ready-to-eat meal for infants and young children,0,2.940909090909091,0.0,15.0,16.0,0.21212121212121213,0.0,1.0,1.0,66
Ready-to-eat meal for infants and young children,1,0.020833333333333332,0.0,0.0,0.08249999999999999,0.05555555555555555,0.0,0.0,0.25,36
Ready-to-eat mixed meal for children,1,0.7052631578947368,0.0,1.3399999999999952,6.7,0.10526315789473684,0.0,0.1999999999999993,1.0,19
Ready-to-eat vegetable-based meal for children,0,30.225354609929077,0.0,124.46333333333295,280.0083333333333,30.148936170212767,0.0,114.39999999999961,283.0,47
Ready-to-eat vegetable-based meal for children,1,3.940955284552845,0.0,0.0,0.9600000000000023,3.5121951219512195,0.0,0.0,1.0,82
Red cabbages,0,2.542225537918871,0.0024,0.12364000000000004,0.22069999999999917,4.02020202020202,1.0,2.0,2.0999999999999943,99
Redcurrants,0,0.3568133073024866,0.155937,0.5953433333333334,0.868566666666666,3.575070821529745,4.0,6.0,8.0,353
Reindeer meat,0,0.0,0.0,0.0,0.0,0.0,0.0,0.0,0.0,23
Rhubarbs,0,0.04498436692506459,0.0,0.0,0.011269999999999987,0.06976744186046512,0.0,0.0,1.0,129
Rice and similar-,0,0.6433777322404373,0.0,0.30900000000000005,2.1533966666666635,0.6885245901639344,0.0,1.0,3.0,122
Rice flour,0,0.1669,0.0,0.15170000000000006,0.32600000000000195,0.3,0.0,1.1000000000000014,2.0500000000000007,20
Rice grain,0,21.394565023917814,0.0,0.5102222222222222,2.1066666666666656,2.1185270425776754,0.0,2.0,3.0,869
Rice grain,1,0.08296606837606837,0.0,0.27240000000000003,0.3612999999999997,0.33653846153846156,0.0,1.0,1.0,104
"Rice grain, brown",0,9.486042587539384,0.0,2.358740000000001,109.28050337301582,12.565543071161049,0.0,3.0,148.09999999999997,267
"Rice grain, brown",1,0.3454821428571429,0.0,0.20850000000000002,0.5,0.19642857142857142,0.0,1.0,1.0,56
"Rice grain, long-grain",0,0.6830565650406504,0.047,0.9720000000000004,2.481161249999981,1.2195121951219512,1.0,3.0,4.649999999999977,328
"Rice grain, long-grain",1,0.11520649717514125,0.0,0.31299999999999994,0.3880999999999999,0.5169491525423728,0.0,1.0,2.0,118
"Rice grain, polished",0,0.789128638211382,0.0,0.761346666666667,2.788716666666667,0.9024390243902439,0.0,3.0,4.0,82
"Rice grain, red",0,0.0625,0.0,0.0,0.33749999999999947,0.16666666666666666,0.0,0.0,0.8999999999999986,12
Romaines,0,0.047511980725623584,0.008476285714285714,0.12685857142857143,0.23010261904761875,2.357142857142857,2.0,6.0,6.0,84
Romaines,1,0.00024066666666666667,0.0,0.0,0.001082999999999996,0.06666666666666667,0.0,0.0,0.29999999999999893,15
Roman rocket,0,0.3207893853874883,0.09551666666666667,0.7870141666666669,1.4008242857142852,2.838235294117647,2.0,6.0,7.0,204
Roman rocket,1,0.05087489176883117,0.0035,0.1387,0.20077857142857142,0.6363636363636364,1.0,1.0,1.5,11
Roman rocket and similar-,0,0.7642942037037037,0.02189,0.52515,3.2245749999999997,1.7222222222222223,1.0,4.5,5.25,36
Rooibos,0,0.2700000000000001,0.0,0.3100000000000001,0.45499999999999974,0.36666666666666664,0.0,1.0,1.0,30
Rosemary,0,0.1140545880574452,0.012344761904761904,0.4,0.4215730158730159,1.2857142857142858,1.0,3.0,3.0,21
Rye and similar-,0,0.04513523391812865,0.0,0.07179999999999999,0.1839999999999995,0.17543859649122806,0.0,1.0,1.0,57
Rye and similar-,1,0.0,0.0,0.0,0.0,0.0,0.0,0.0,0.0,25
Rye flour,0,0.053819391025641025,0.0,0.23559999999999998,0.26194999999999996,0.5576923076923077,0.0,1.8999999999999986,2.0,52
Rye flour,1,0.00010648148148148147,0.0,0.0,0.0,0.037037037037037035,0.0,0.0,0.0,27
"Rye flour, medium",0,43.400559027777774,0.252,104.33656547619047,152.35429136904753,60.416666666666664,1.0,147.9,204.6999999999999,12
"Rye flour, refined",0,7.568427295918368,0.235,2.2940250000000026,37.13888124999997,11.428571428571429,1.0,2.0,52.74999999999995,14
"Rye flour, wholemeal",0,2.9011729044357466,0.0,0.296,0.4089375,3.4863013698630136,0.0,2.0,3.0,146
"Rye flour, wholemeal",1,0.061238738738738745,0.0,0.21,0.347,0.26126126126126126,0.0,1.0,1.0,111
Rye grain,0,5.804356508678238,0.0,0.346,1.207125,8.426791277258568,0.0,2.0,3.0,321
Rye grain,1,0.050631147540983606,0.0,0.3139,0.3696999999999999,0.20491803278688525,0.0,1.0,1.0,122
Safflower seeds,0,0.027307692307692307,0.0,0.0,0.1419999999999995,0.15384615384615385,0.0,0.0,0.7999999999999972,13
Salted vegetables,0,64.01510220551378,1.5345,162.2276426666664,442.56059199999976,6.157894736842105,3.0,12.799999999999986,28.799999999999983,19
Satsumas,0,0.4056998879551821,0.3992857142857143,0.6565600000000001,0.7895533333333331,3.0,3.0,4.0,4.199999999999999,17
Savoy cabbages,0,0.34662053083528493,0.056666666666666664,0.8424999999999999,1.329904761904762,1.8032786885245902,1.0,4.0,7.0,61
Sesame seeds,0,0.5383,0.0,0.0,1.4091999999999927,0.14761904761904762,0.0,0.0,1.0,210
Sesame seeds,1,0.0,0.0,0.0,0.0,0.0,0.0,0.0,0.0,15
Shaddocks,0,0.49863687301587306,0.13173769841269842,0.935371904761905,1.3320487301587334,3.9,4.0,7.100000000000001,8.0,20
Shallots,0,0.23599368421052633,0.0,0.5508373333333331,0.9748799999999966,1.368421052631579,0.0,5.0,5.299999999999994,19
Sheep (adult) fresh meat,0,0.0,0.0,0.0,0.0,0.0,0.0,0.0,0.0,20
Sheep fat tissue,0,0.031479131007241604,0.0,0.0,0.047771428571428284,0.08294930875576037,0.0,0.0,1.0,217
Sheep fresh meat,0,0.0038393550135501354,0.0,0.0,0.00012799999999999864,0.05420054200542006,0.0,0.0,1.0,369
Sheep kidney,0,0.02273694779116466,0.0,0.10333333333333333,0.11791666666666667,0.18674698795180722,0.0,1.0,1.0,166
Sheep liver,0,1.6997066426570628,0.0,0.6,1.210466666666663,2.277310924369748,0.0,1.0,1.0,119
Sheep milk,0,0.0012162162162162162,0.0,0.0,0.0,0.02702702702702703,0.0,0.0,0.0,37
Shiitake,0,1.314942307692308,0.0,1.7672000000000012,7.051599999999983,0.5384615384615384,0.0,1.0,1.3999999999999986,13
Soft - ripened cheese,0,0.05706875,0.0175,0.1825,0.19874999999999998,0.5,0.5,1.0,1.0,16
"Soft-ripened cheese veined with blue mould (blue bavarian, blue de graven type )",0,0.09978472222222222,0.096,0.19195,0.20357499999999995,0.6666666666666666,1.0,1.0,2.0,108
Sour cherries,0,63.52097430786268,0.2978,221.78877857142857,237.3757619047619,83.33720930232558,4.0,296.0,322.0,86
"Soya bean oil, refined",0,0.8166214285714286,0.054,2.111942857142858,3.3616499999999983,1.34375,1.0,3.0,3.0,32
Soyabeans (oilseed),0,0.003078787878787879,0.0,0.0010666666666666667,0.016533333333333334,0.2727272727272727,0.0,1.0,1.0,11
Soyabeans and similar-,0,0.19444705882352942,0.0,0.73,0.8783333333333334,0.7843137254901961,0.0,2.0,3.0,51
Soyabeans for consumption (dry),1,0.018666666666666668,0.0,0.0,0.08399999999999971,0.06666666666666667,0.0,0.0,0.29999999999999893,15
Spelt flour,0,10.383562629399586,0.0,0.029971428571428586,0.1950714285714283,14.217391304347826,0.0,1.0,1.0,23
"Spelt flour, medium",0,0.29063636363636364,0.291,0.369,0.4735,0.9090909090909091,1.0,1.0,1.0,11
"Spelt flour, medium",1,0.21723076923076923,0.268,0.3078,0.3307999999999999,0.7692307692307693,1.0,1.0,1.0,13
"Spelt flour, refined",0,0.15711269841269843,0.183,0.2092,0.2138,0.8666666666666667,1.0,1.0,1.0,45
"Spelt flour, refined",1,0.13370454545454546,0.1695,0.19970000000000002,0.22680000000000003,0.7045454545454546,1.0,1.0,1.0,44
"Spelt flour, wholemeal",0,0.4007900709219858,0.437,0.5564,0.6234999999999999,0.8936170212765957,1.0,1.0,1.0,47
"Spelt flour, wholemeal",1,0.37715624999999997,0.4375,0.5365,0.55425,0.8125,1.0,1.0,1.0,16
Spelt grain,0,2.6991431283905967,0.0,0.5026,0.819999999999999,3.8987341772151898,0.0,1.2000000000000028,2.0999999999999943,79
Spelt grain,1,0.08037777777777778,0.0,0.3980000000000002,0.5122,0.2222222222222222,0.0,1.0,1.0,63
Spinaches,0,3.7136915783153515,0.0,0.5442666666666662,2.0644571428571385,5.032928942807626,0.0,3.0,5.0,577
Spinaches,1,0.042504319727891156,0.012607142857142858,0.08170000000000001,0.10491433333333329,0.5714285714285714,1.0,1.0,1.0,28
Spinaches and similar-,0,0.12069623655913979,0.005,0.325,0.5123333333333333,1.096774193548387,1.0,3.0,3.5,31
Spring onions,0,1.0222689082892418,0.008605555555555556,0.11134055555555653,0.6049999999999998,1.7444444444444445,2.0,4.0,5.0,90
Spring onions and similar-,0,0.05735454545454546,0.0,0.030490000000000066,0.06351777777777776,0.7272727272727273,0.0,2.8000000000000043,4.899999999999999,22
"Sprouts, shoots and similar",0,0.049999999999999996,0.0,0.0,0.2699999999999996,0.08333333333333333,0.0,0.0,0.4499999999999993,12
St. John´s Wort infusion leaves,0,0.7829771428571429,0.041,0.09220000000000003,0.12399999999999978,0.9428571428571428,1.0,1.0,1.0,35
Strawberries,0,6.15950137557059,0.08,0.7086200000000001,1.6508000000000025,11.183253260123541,3.0,7.0,9.0,1457
Strawberries,1,0.018114646464646465,0.0,0.0,0.025333333333333246,0.12121212121212122,0.0,0.0,0.3999999999999986,33
Strawberries and similar-,0,0.19857720588235295,0.07633333333333334,0.5342766666666674,0.8348833333333333,3.1029411764705883,3.0,6.0,6.649999999999999,68
Sugar loaf chicories,0,0.0003746547619047619,0.0,0.0010333333333333334,0.001209642857142849,0.3,0.0,1.0,1.0,40
Summer squashes,0,0.06409090909090909,0.0,0.0,0.3525,0.18181818181818182,0.0,0.0,1.0,11
Sunflower infusion flowers,0,84.27102252252253,61.660333333333334,107.52212111111112,109.41497777777775,252.1081081081081,184.0,324.0,324.0,37
"Sunflower seed oil, edible",0,0.12306812652068128,0.0,0.5,0.8130000000000001,0.27007299270072993,0.0,1.0,2.0,411
Sunflower seeds,0,49.12196071751193,0.0,0.4875,213.63933134920634,14.58130081300813,0.0,1.0,5.0,246
Sunflower seeds,1,0.0820023148148148,0.0,0.4105,0.43949999999999995,0.25,0.0,1.0,1.0,24
Sunflower seeds and similar-,0,0.03222727272727272,0.0,0.07280000000000018,0.09970000000000001,0.13636363636363635,0.0,1.0,1.0,44
Swedes,0,0.017489130434782608,0.0,0.042499999999999996,0.05875,0.2391304347826087,0.0,1.0,1.0,46
Sweet corn,0,21.900977011494252,0.0,0.32340000000000063,238.21419999999995,26.120689655172413,0.0,1.3000000000000043,279.49999999999994,58
Sweet peppers,0,0.9618113873796058,0.0,0.4573333333333333,0.9467587301587305,1.9309603330740723,0.0,3.0,4.0,21857
Sweet peppers,1,7.039351473922902,0.0,0.024166666666666666,0.2875,9.767857142857142,0.0,1.0,1.0,56
Sweet potatoes,0,0.3378144168962351,0.0,0.3390000000000001,0.9589999999999999,0.4049586776859504,0.0,1.0,2.0,363
Sweet potatoes and similar-,0,0.026153846153846153,0.0,0.10080000000000003,0.11,0.3076923076923077,0.0,1.0,1.0,13
Table grapes,0,6.361345982489699,0.15533333333333332,1.1565009523809553,2.3060223809523808,12.134468085106382,3.0,8.0,12.0,1175
Table grapes,1,0.04012712585034014,0.0,0.17333333333333337,0.23840416666666658,0.5357142857142857,0.0,1.6000000000000014,3.0,28
Table grapes and similar-,0,0.2896742351046699,0.09580000000000001,0.7743619047619048,1.0388666666666666,2.9420289855072466,2.0,6.0,7.0,69
Table olives,0,0.27686372549019606,0.0,0.10420000000000007,2.6449999999999982,0.35294117647058826,0.0,1.0,2.0,68
Table olives ready for consumption,0,0.5306124007936508,0.0,1.0116,3.026000000000002,0.3194444444444444,0.0,1.0,2.0,72
Tahiti limes,0,0.5167482180293501,0.126,1.191946666666668,1.850586666666666,2.3207547169811322,2.0,4.800000000000004,6.0,53
Tankan mandarin,0,0.05320197044334975,0.0,0.0,0.0,0.034482758620689655,0.0,0.0,0.0,58
Tannias,0,0.5033333333333333,0.0,1.6200000000000003,2.0749999999999984,0.26666666666666666,0.0,1.0,1.0,30
Taros,0,0.14100000000000001,0.0,0.34199999999999997,0.4909999999999995,0.3333333333333333,0.0,1.0,1.0,15
"Tea leaves and stalks, fermented",0,0.9340266724975705,0.045407142857142854,1.0610399999999995,2.331599999999995,1.2693877551020407,1.0,3.0,4.0,245
"Tea leaves and stalks, fermented",1,0.29410018115942027,0.0,0.49236250000000004,0.925,0.32608695652173914,0.0,1.0,2.0,46
Tea powder ingredients and extracts,0,1.281815369458128,0.056666666666666664,0.3631666666666664,2.1675333333333278,1.793103448275862,1.0,3.1999999999999993,5.199999999999996,29
"Teas leaves, dry and/or fermented, and similar",0,1.2434580907457322,0.0,1.1102,6.126342261904762,1.4150943396226414,0.0,4.5,6.0,106
"Teas leaves, dry and/or fermented, and similar",1,0.0761904761904762,0.0,0.0,0.8,0.09523809523809523,0.0,0.0,1.0,21
Thyme,0,0.7451065476190476,0.11096249999999999,2.2471428571428573,3.5460000000000003,2.3076923076923075,2.0,5.0,5.75,26
Tomato puree,0,0.3893725490196078,0.0,1.6193000000000004,2.2520000000000002,1.2352941176470589,0.0,3.0,3.9999999999999964,17
Tomatoes,0,4.366895501915877,0.026999999999999996,0.6238714285714287,1.4558666666666658,7.322834645669292,1.0,5.0,7.0,1905
Tomatoes,1,3.9265648629148626,0.0,0.05,0.08099999999999992,6.1454545454545455,0.0,1.0,1.2999999999999972,55
Tomatoes and similar-,0,0.18690215227333873,0.0,0.08083333333333331,0.49397714285714284,0.6271186440677966,0.0,2.0,3.299999999999983,118
Tomatoes and similar-,1,0.022341269841269842,0.0,0.06733333333333333,0.1195,0.42857142857142855,0.0,2.0,2.0,21
Triticale grain,0,25.463168154761906,0.0,101.90192261904762,203.25384523809524,33.875,0.0,135.5,270.0,16
Turkey fresh meat,0,0.0,0.0,0.0,0.0,0.0,0.0,0.0,0.0,207
Turkey liver,0,26.16558333333333,0.0,69.91766666666666,70.41766666666666,36.5625,0.0,97.5,98.0,16
"Turkey, fresh fat tissue",0,0.04233333333333334,0.0,0.0,0.0025999999999999444,0.05263157894736842,0.0,0.0,0.19999999999999574,57
Turmeric roots,0,0.6856157894736842,0.0,0.848339999999999,2.8015299999999828,0.3157894736842105,0.0,1.0,1.0999999999999979,19
Turnips,0,0.03736388888888889,0.0,0.02088000000000013,0.3328749999999969,0.14393939393939395,0.0,0.9000000000000057,1.0,132
Veal kidney,0,0.19952380952380952,0.14666666666666667,0.18666666666666668,0.19333333333333333,1.0,1.0,1.0,1.0,91
Veal liver,0,0.03205128205128205,0.0,0.0,0.0,0.00641025641025641,0.0,0.0,0.0,312
Walnuts,0,3.6632347956505438,0.0,0.1136000000000016,0.4203333333333332,5.181102362204724,0.0,0.4000000000000057,1.0,127
Walnuts,1,0.13748717948717948,0.0,0.19086666666666677,0.7333999999999983,0.23076923076923078,0.0,1.0,1.0,13
Watermelons,0,19.522774627450982,0.0,1.0839999999999992,218.81714206349153,27.176470588235293,0.0,5.099999999999994,299.49999999999915,170
Watermelons and similar-,0,0.3693025641025641,0.0,0.2728333333333337,1.0248333333333386,0.5641025641025641,0.0,1.0,2.1000000000000014,39
Welsh onions,0,0.12409793073593073,0.0061444444444444446,0.2612244444444443,0.8646466666666663,1.3636363636363635,1.0,4.0,5.0,165
Wheat and similar-,0,0.032781049049464744,0.0,0.014986666666666665,0.1,0.19767441860465115,0.0,1.0,1.0,516
Wheat and similar-,1,0.05698529411764706,0.0,0.0,0.013574999999999969,0.14705882352941177,0.0,0.0,1.3499999999999979,34
Wheat flour,0,4.536952086533538,0.0,0.14279999999999998,0.2649999999999998,6.763440860215054,0.0,1.0,2.0,93
Wheat flour white,0,0.05703105084138919,0.0,0.11811904761904762,0.14725,0.43609022556390975,0.0,1.0,2.75,266
Wheat flour white,1,0.011111111111111112,0.0,0.0023800000000000097,0.12679999999999972,0.1111111111111111,0.0,0.7000000000000028,1.0,54
"Wheat flour, brown",1,0.0,0.0,0.0,0.0,0.0,0.0,0.0,0.0,11
"Wheat flour, durum",0,0.0043407407407407405,0.0,0.0066800000000000045,0.020599999999999986,0.18518518518518517,0.0,1.0,1.0,27
Wheat groats,0,0.003081684981684982,0.0,0.00799809523809524,0.014345714285714267,0.6923076923076923,0.0,2.8000000000000007,3.0,13
Wheat semolina,0,0.04789090909090909,0.0,0.2437,0.27915,0.22727272727272727,0.0,1.0,1.0,22
Wheat wholemeal flour,0,0.06745348571428572,0.0,0.10624285714285706,0.3452299999999997,0.724,0.0,2.0,3.0,250
Wheat wholemeal flour,1,1.3086499999999999,0.0,0.4118000000000001,0.8381999999999783,0.3,0.0,1.0,1.0,40
White cabbage,0,0.05637274659863945,0.0,0.10810000000000006,0.2165999999999983,0.4375,0.0,1.0,2.0,112
Wild boar fresh meat,0,0.08367745081967212,0.0,0.009,0.0694999999999999,0.28688524590163933,0.0,1.0,1.0,122
"Wild boar, fresh fat tissue",0,1.3958823529411766,0.9,3.0,3.1199999999999997,1.0588235294117647,1.0,1.4000000000000004,2.0,17
Wine,0,0.047861076604554874,0.0,0.06629333333333336,0.22491666666666643,1.0434782608695652,0.0,2.0,5.599999999999994,23
Wine,1,0.0,0.0,0.0,0.0,0.0,0.0,0.0,0.0,16
Wine grapes,0,13.276164007187928,0.07026,0.7370627200000005,190.52753015873014,22.117283950617285,2.0,9.0,269.0,162
Wine grapes and similar-,0,0.05556388888888889,0.01633333333333333,0.172245,0.19366083333333317,1.8333333333333333,1.5,4.300000000000001,5.0,18
"Wine, red",0,7.066633972387566,0.0014633333333333334,0.0635,0.134075,11.04861111111111,1.0,3.0,4.0,576
"Wine, red",1,0.0022333333333333333,0.0,0.00891666666666667,0.016809999999999995,0.20588235294117646,0.0,1.0,1.0,68
"Wine, rosé",0,0.010178883928571428,0.0,0.01794,0.03169999999999995,0.546875,0.0,1.0,2.0,64
"Wine, rosé",1,0.0018333333333333333,0.0,0.0,0.018699999999999953,0.08333333333333333,0.0,0.0,0.8499999999999979,24
"Wine, white",0,0.02424319502336744,0.0,0.025533333333333345,0.04469333333333332,0.6843501326259946,0.0,2.0,3.0,377
"Wine, white",1,0.005056280193236715,0.0,0.006466666666666682,0.028799999999999954,0.2318840579710145,0.0,1.0,1.5999999999999943,69
Winter squashes,0,0.0006037037037037037,0.0,0.0,0.0016299999999999845,0.1111111111111111,0.0,0.0,0.29999999999999716,18
Witloofs,0,0.05052956491949298,0.01615,0.1446666666666667,0.24094666666666661,0.6618705035971223,1.0,2.0,2.0,139
Yams,0,0.10485074626865672,0.0,0.1459999999999995,0.8549999999999994,0.1044776119402985,0.0,0.3999999999999986,1.0,67
Yardlong beans (with pods),0,18.16834726190476,0.109125,31.567941619047602,115.61270833333298,2.1153846153846154,2.0,4.899999999999999,6.349999999999987,52
"Yoghurt, cow milk, plain",0,0.007146428571428572,0.0,0.021,0.0227025,0.35714285714285715,0.0,1.0,1.0,14
